Rk,Player,Age,Tm,Pos,GP,G,A,PTS,+/-,PIM,PS,EV,PP,SH,GW,EV,PP,SH,S,S%,TOI,ATOI,BLK,HIT,FOW,FOL,FO%,-9999,Season
1,Connor McDavid,26,EDM,C,82,64,89,153,22,36,18.2,39,21,4,11,36,50,3,352,18.2,1836,22:23,40,89,525,486,51.9,mcdavco01,2023
2,Leon Draisaitl,27,EDM,C,80,52,76,128,7,24,14.2,19,32,1,11,45,30,1,247,21.1,1739,21:44,40,66,807,663,54.9,draisle01,2023
3,Nikita Kucherov,29,TBL,RW,82,30,83,113,-2,36,10.7,22,8,0,4,41,42,0,271,11.1,1651,20:08,28,61,2,0,100,kucheni01,2023
4,David Pastrňák,26,BOS,RW,82,61,52,113,34,38,15.1,43,18,0,13,33,19,0,407,15,1604,19:34,33,91,8,11,42.1,pastrda01,2023
5,Nathan MacKinnon,27,COL,C,71,42,69,111,29,30,13.1,30,12,0,9,47,22,0,366,11.5,1585,22:19,40,53,519,649,44.4,mackina01,2023
6,Jason Robertson,23,DAL,LW,82,46,63,109,37,20,13.9,33,13,0,7,35,28,0,313,14.7,1545,18:50,19,57,0,1,0,roberja01,2023
7,Matthew Tkachuk,25,FLA,LW,79,40,69,109,29,123,12.3,26,14,0,6,46,22,1,322,12.4,1614,20:26,31,68,13,16,44.8,tkachma01,2023
8,Mikko Rantanen,26,COL,RW,82,55,50,105,15,82,12.8,42,13,0,9,26,24,0,306,18,1822,22:13,41,77,222,231,49,rantami01,2023
9,Ryan Nugent-Hopkins,29,EDM,C,82,37,67,104,12,35,10.9,21,15,1,3,26,38,3,201,18.4,1624,19:48,26,48,308,374,45.2,nugenry01,2023
10,Elias Pettersson,24,VAN,C,80,39,63,102,16,14,10.9,28,6,5,6,40,19,4,257,15.2,1644,20:33,89,74,442,555,44.3,petteel01,2023
11,Erik Karlsson,32,SJS,D,82,25,76,101,-26,36,12.4,20,5,0,4,54,22,0,209,12,2100,25:37:00,90,33,0,1,0,karlser01,2023
12,Jack Hughes,21,NJD,C,78,43,56,99,10,6,11.3,34,9,0,6,34,22,0,336,12.8,1557,19:58,30,12,164,300,35.3,hugheja03,2023
13,Mitch Marner,25,TOR,RW,80,30,69,99,18,28,10.2,17,9,4,4,41,27,1,196,15.3,1702,21:17,45,53,0,4,0,marnemi01,2023
14,Brayden Point,26,TBL,C,82,51,44,95,2,7,11.2,31,20,0,9,34,10,0,235,21.7,1613,19:40,37,37,417,405,50.7,pointbr01,2023
15,Tage Thompson,25,BUF,C,78,47,47,94,4,39,11.1,26,20,1,7,33,14,0,295,15.9,1450,18:35,26,55,350,463,43.1,thompta01,2023
16,Sidney Crosby,35,PIT,C,82,33,60,93,8,52,9.6,24,9,0,9,42,18,0,255,12.9,1652,20:09,47,71,978,868,53,crosbsi01,2023
17,Artemi Panarin,31,NYR,LW,82,29,63,92,4,36,9.1,20,9,0,4,36,27,0,204,14.2,1608,19:36,11,26,6,13,31.6,panarar01,2023
18,Mika Zibanejad,29,NYR,C,82,39,52,91,25,20,10.6,18,20,1,5,32,19,1,251,15.5,1637,19:58,48,71,692,706,49.5,zibanmi01,2023
19,Tim Stützle,21,OTT,LW,78,39,51,90,-3,54,10,26,10,3,3,33,18,0,228,17.1,1659,21:16,49,114,202,284,41.6,stuetti02,2023
20,William Nylander,26,TOR,C,82,40,47,87,10,28,10,31,9,0,5,28,19,0,293,13.7,1520,18:33,26,18,25,34,42.4,nylanwi01,2023
1,Connor McDavid,25,EDM,C,80,44,79,123,28,45,14,34,10,0,9,44,34,1,314,14,1765,22:04,26,75,562,484,53.7,mcdavco01,2022
2,Johnny Gaudreau,28,CGY,LW,82,40,75,115,64,26,14.7,34,6,0,9,56,19,0,262,15.3,1523,18:34,9,10,1,0,100,gaudrjo01,2022
3,Jonathan Huberdeau,28,FLA,LW,80,30,85,115,35,54,11.9,22,5,3,7,50,33,2,222,13.5,1554,19:25,28,99,18,36,33.3,huberjo01,2022
4,Leon Draisaitl,26,EDM,C,80,55,55,110,17,40,13.3,30,24,1,11,38,17,0,278,19.8,1788,22:21,25,53,887,774,53.4,draisle01,2022
5,Kirill Kaprizov,24,MIN,LW,81,47,61,108,27,34,12.8,33,14,0,5,44,17,0,289,16.3,1548,19:06,29,73,5,4,55.6,kapriki01,2022
6,Auston Matthews,24,TOR,C,73,60,46,106,20,18,13.8,44,16,0,10,33,13,0,348,17.2,1504,20:37,62,67,691,538,56.2,matthau01,2022
7,Steven Stamkos,31,TBL,C,81,42,64,106,24,36,12.5,26,16,0,11,44,20,0,241,17.4,1497,18:29,31,93,545,523,51,stamkst01,2022
8,Matthew Tkachuk,24,CGY,RW,82,42,62,104,57,68,13.7,30,12,0,6,45,17,0,253,16.6,1468,17:54,20,93,20,23,46.5,tkachma01,2022
9,J.T. Miller,28,VAN,C,80,32,67,99,15,47,10.6,24,8,0,6,35,30,2,206,15.5,1686,21:05,56,172,667,566,54.1,millejt01,2022
10,Mitch Marner,24,TOR,RW,72,35,62,97,23,16,10.7,26,6,3,5,42,19,1,224,15.6,1504,20:53,31,75,10,8,55.6,marnemi01,2022
11,Roman Josi,31,NSH,D,80,23,73,96,13,46,13.9,12,11,0,2,47,26,0,281,8.2,2044,25:33:00,133,66,0,0,,josiro01,2022
12,Artemi Panarin,30,NYR,LW,75,22,74,96,21,18,9.9,17,5,0,5,42,32,0,177,12.4,1441,19:13,14,22,1,1,50,panarar01,2022
13,Kyle Connor,25,WPG,LW,79,47,46,93,-3,4,10.6,36,8,3,9,26,20,0,317,14.8,1720,21:47,23,32,1,6,14.3,connoky01,2022
14,Patrick Kane,33,CHI,RW,78,26,66,92,-19,18,8.1,17,9,0,2,44,22,0,287,9.1,1702,21:49,26,11,4,4,50,kanepa01,2022
15,Mikko Rantanen,25,COL,RW,75,36,56,92,35,56,10.5,20,16,0,2,37,19,0,254,14.2,1574,20:59,43,58,164,190,46.3,rantami01,2022
16,Alex Ovechkin,36,WSH,LW,77,50,40,90,8,18,11.4,33,16,1,5,27,13,0,334,15,1584,20:34,25,156,4,9,30.8,ovechal01,2022
17,Aleksander Barkov,26,FLA,C,67,39,49,88,36,18,10.6,23,12,4,5,34,14,1,214,18.2,1360,20:18,42,50,713,539,56.9,barkoal01,2022
18,Nathan MacKinnon,26,COL,C,65,32,56,88,22,42,9.7,25,7,0,5,36,20,0,299,10.7,1369,21:04,39,68,383,461,45.4,mackina01,2022
19,Nazem Kadri,31,COL,C,71,28,59,87,13,71,8.9,20,8,0,6,38,21,0,247,11.3,1366,19:14,19,52,585,592,49.7,kadrina01,2022
20,Matt Duchene,31,NSH,C,78,43,43,86,6,38,10,27,16,0,6,30,13,0,228,18.9,1483,19:01,28,31,119,101,54.1,duchema01,2022
1,Connor McDavid,24,EDM,C,56,33,72,105,21,20,13,24,9,0,11,44,28,0,200,16.5,1241,22:09,24,61,316,322,49.5,mcdavco01,2021
2,Leon Draisaitl,25,EDM,C,56,31,53,84,29,22,10.9,15,15,1,8,36,17,0,168,18.5,1243,22:11,12,37,574,457,55.7,draisle01,2021
3,Brad Marchand,32,BOS,LW,53,29,40,69,26,46,9.6,21,4,4,5,23,14,3,143,20.3,1002,18:55,11,66,11,24,31.4,marchbr03,2021
4,Mitch Marner,23,TOR,RW,55,20,47,67,21,20,7.3,20,0,0,5,31,14,2,156,12.8,1233,22:26,41,23,4,1,80,marnemi01,2021
5,Patrick Kane,32,CHI,RW,56,15,51,66,-7,14,6.1,12,3,0,3,32,19,0,191,7.9,1245,22:14,15,13,2,5,28.6,kanepa01,2021
6,Auston Matthews,23,TOR,C,52,41,25,66,21,10,9.5,31,10,0,12,22,3,0,222,18.5,1121,21:33,47,57,450,417,51.9,matthau01,2021
7,Mikko Rantanen,24,COL,RW,52,30,36,66,30,34,9.1,21,9,0,7,21,15,0,177,16.9,1036,19:55,20,26,32,32,50,rantami01,2021
8,Nathan MacKinnon,25,COL,C,48,20,45,65,22,37,7.7,12,8,0,2,28,17,0,206,9.7,977,20:22,15,38,239,254,48.5,mackina01,2021
9,Mark Scheifele,27,WPG,C,56,21,42,63,-4,12,6.5,17,4,0,4,29,13,0,126,16.7,1174,20:58,38,31,352,355,49.8,scheima01,2021
10,Sidney Crosby,33,PIT,C,55,24,38,62,8,26,7,18,5,1,5,21,17,0,159,15.1,1122,20:24,28,44,676,586,53.6,crosbsi01,2021
11,Jonathan Huberdeau,27,FLA,LW,55,20,41,61,12,36,7.1,15,5,0,1,22,19,0,122,16.4,1013,18:25,11,51,17,22,43.6,huberjo01,2021
12,Mark Stone,28,VEG,RW,55,21,40,61,26,28,7.6,14,6,1,8,29,11,0,98,21.4,1048,19:04,33,31,12,18,40,stonema01,2021
13,Aleksander Barkov,25,FLA,C,50,26,32,58,12,14,7.3,18,7,1,6,20,12,0,176,14.8,1047,20:56,37,31,563,463,54.9,barkoal01,2021
14,Artemi Panarin,29,NYR,LW,42,17,41,58,14,6,6.8,12,5,0,1,28,13,0,106,16,825,19:39,7,13,0,3,0,panarar01,2021
15,David Perron,32,STL,LW,56,19,39,58,6,22,6.3,13,6,0,2,24,15,0,151,12.6,1039,18:33,25,45,0,6,0,perroda01,2021
16,Sebastian Aho,23,CAR,F,56,24,33,57,16,32,7.2,14,7,3,7,22,11,0,148,16.2,1090,19:28,25,38,365,327,52.7,ahose01,2021
17,Jake Guentzel,26,PIT,C,56,23,34,57,7,28,6.3,17,6,0,7,21,12,1,141,16.3,1135,20:16,32,43,3,9,25,guentja01,2021
18,Alex DeBrincat,23,CHI,RW,52,32,24,56,3,12,7.5,22,9,1,7,15,9,0,155,20.6,1068,20:32,22,70,16,24,40,debrial01,2021
19,Ryan O'Reilly,29,STL,C,56,24,30,54,26,18,6.9,18,4,2,4,22,8,0,129,18.6,1162,20:45,26,24,703,493,58.8,oreilry01,2021
20,Nicklas Bäckström,33,WSH,C,55,15,38,53,0,14,5.3,10,5,0,0,21,17,0,91,16.5,1023,18:36,27,25,353,378,48.3,backsni02,2021
1,Leon Draisaitl,24,EDM,C,71,43,67,110,-7,18,12.8,27,16,0,10,39,28,0,218,19.7,1605,22:37,19,27,662,608,52.1,draisle01,2020
2,Connor McDavid,23,EDM,C,64,34,63,97,-6,28,10.9,23,11,0,6,31,32,0,212,16,1399,21:52,18,37,320,350,47.8,mcdavco01,2020
3,Artemi Panarin,28,NYR,LW,69,32,63,95,36,20,11.4,25,7,0,4,46,17,0,209,15.3,1422,20:36,18,25,1,1,50,panarar01,2020
4,David Pastrňák,23,BOS,RW,70,48,47,95,21,40,13.2,28,20,0,10,29,18,0,279,17.2,1327,18:58,22,47,7,11,38.9,pastrda01,2020
5,Nathan MacKinnon,24,COL,C,69,35,58,93,13,12,10.8,23,12,0,4,39,19,0,318,11,1464,21:13,31,51,363,478,43.2,mackina01,2020
6,Brad Marchand,31,BOS,LW,70,28,59,87,25,82,10.4,22,5,1,5,34,23,2,185,15.1,1362,19:27,19,55,22,29,43.1,marchbr03,2020
7,Nikita Kucherov,26,TBL,RW,68,33,52,85,26,38,10.5,29,4,0,6,31,21,0,210,15.7,1283,18:52,19,37,0,1,0,kucheni01,2020
8,Patrick Kane,31,CHI,RW,70,33,51,84,8,40,9.6,25,8,0,2,36,15,0,275,12,1494,21:20,19,24,1,3,25,kanepa01,2020
9,Auston Matthews,22,TOR,C,70,47,33,80,19,8,10.8,35,12,0,5,20,13,0,290,16.2,1468,20:58,60,40,506,415,54.9,matthau01,2020
10,Jack Eichel,23,BUF,C,68,36,42,78,5,34,9.5,24,11,1,9,26,16,0,227,15.9,1503,22:06,42,40,615,696,46.9,eicheja01,2020
11,Jonathan Huberdeau,26,FLA,LW,69,23,55,78,5,30,8,18,5,0,3,31,24,0,152,15.1,1295,18:46,26,51,24,37,39.3,huberjo01,2020
12,John Carlson,30,WSH,D,69,15,60,75,12,26,10.7,13,2,0,6,36,24,0,189,7.9,1700,24:38:00,108,55,0,1,0,carlsjo01,2020
13,Mika Zibanejad,26,NYR,C,57,41,34,75,9,14,9.7,23,15,3,6,20,12,2,208,19.7,1233,21:38,49,51,592,612,49.2,zibanmi01,2020
14,Evgeni Malkin,33,PIT,C,55,25,49,74,7,58,8.5,18,7,0,5,32,17,0,171,14.6,1074,19:31,22,38,441,435,50.3,malkiev01,2020
15,Kyle Connor,23,WPG,LW,71,38,35,73,4,34,8.7,28,9,1,7,26,8,1,239,15.9,1497,21:05,17,18,2,11,15.4,connoky01,2020
16,Mark Scheifele,26,WPG,C,71,29,44,73,2,45,7.6,19,10,0,6,34,10,0,170,17.1,1548,21:48,49,34,605,685,46.9,scheima01,2020
17,J.T. Miller,26,VAN,C,69,27,45,72,11,47,7.9,18,9,0,3,27,16,2,165,16.4,1387,20:06,38,123,425,293,59.2,millejt01,2020
18,Mitch Marner,22,TOR,RW,59,16,51,67,6,16,6.2,10,6,0,2,32,18,1,154,10.4,1272,21:33,37,24,7,19,26.9,marnemi01,2020
19,Alex Ovechkin,34,WSH,LW,68,48,19,67,-12,30,8.7,35,13,0,3,14,5,0,311,15.4,1405,20:40,30,184,1,0,100,ovechal01,2020
20,Sebastian Aho,22,CAR,F,68,38,28,66,10,26,8.6,26,8,4,5,18,9,1,206,18.4,1321,19:25,20,55,409,480,46,ahose01,2020
1,Nikita Kucherov,25,TBL,RW,82,41,87,128,24,62,14.6,26,15,0,8,54,33,0,246,16.7,1637,19:58,31,44,0,3,0,kucheni01,2019
2,Connor McDavid,22,EDM,C,78,41,75,116,3,20,13,31,9,1,9,50,24,1,240,17.1,1781,22:50,30,39,428,490,46.6,mcdavco01,2019
3,Patrick Kane,30,CHI,RW,81,44,66,110,2,22,11.8,35,9,0,7,45,21,0,341,12.9,1822,22:29,18,21,1,4,20,kanepa01,2019
4,Leon Draisaitl,23,EDM,C,82,50,55,105,2,52,12.6,31,16,3,5,42,13,0,231,21.6,1852,22:35,26,57,677,663,50.5,draisle01,2019
5,Sidney Crosby,31,PIT,C,79,35,65,100,18,36,11.4,23,12,0,3,46,17,2,220,15.9,1658,21:00,43,85,1012,814,55.4,crosbsi01,2019
6,Brad Marchand,30,BOS,LW,79,36,64,100,15,96,11.7,23,10,3,9,36,24,4,231,15.6,1550,19:37,19,46,45,60,42.9,marchbr03,2019
7,Johnny Gaudreau,25,CGY,LW,82,36,63,99,18,24,10.9,30,6,0,8,42,21,0,245,14.7,1646,20:04,12,12,1,2,33.3,gaudrjo01,2019
8,Nathan MacKinnon,23,COL,C,82,41,58,99,20,34,11.8,29,12,0,6,33,25,0,365,11.2,1812,22:05,31,54,518,666,43.8,mackina01,2019
9,Steven Stamkos,28,TBL,C,82,45,53,98,4,37,11.5,24,19,2,6,32,21,0,234,19.2,1501,18:18,40,72,506,447,53.1,stamkst01,2019
10,Aleksander Barkov,23,FLA,C,82,35,61,96,-3,8,10,22,13,0,5,42,18,1,206,17,1833,22:21,61,28,1041,898,53.7,barkoal01,2019
11,Mitch Marner,21,TOR,RW,82,26,68,94,22,22,9.8,22,3,1,5,48,18,2,233,11.2,1625,19:49,43,29,7,5,58.3,marnemi01,2019
12,Jonathan Huberdeau,25,FLA,C,82,30,62,92,-14,40,9.1,19,11,0,5,39,23,0,226,13.3,1546,18:51,45,57,12,7,63.2,huberjo01,2019
13,Brayden Point,22,TBL,C,79,41,51,92,27,28,11.4,21,20,0,7,36,15,0,191,21.5,1495,18:55,43,31,435,421,50.8,pointbr01,2019
14,Blake Wheeler,32,WPG,RW,82,20,71,91,0,60,8.2,16,2,2,3,39,31,1,231,8.7,1698,20:43,53,81,31,57,35.2,wheelbl01,2019
15,Alex Ovechkin,33,WSH,LW,81,51,38,89,7,40,11,33,18,0,5,28,10,0,338,15.1,1695,20:55,41,223,1,4,20,ovechal01,2019
16,John Tavares,28,TOR,C,82,47,41,88,19,34,11.3,37,10,0,8,32,9,0,286,16.4,1565,19:05,53,59,833,694,54.6,tavarjo01,2019
17,Artemi Panarin,27,CBJ,LW,79,28,59,87,14,23,9.7,22,6,0,8,47,12,0,191,14.7,1569,19:51,17,14,1,3,25,panarar01,2019
18,Mikko Rantanen,22,COL,RW,74,31,56,87,13,54,9.8,15,16,0,4,39,17,0,193,16.1,1542,20:51,41,59,17,29,37,rantami01,2019
19,Claude Giroux,31,PHI,LW,82,22,63,85,9,24,7.9,19,2,1,4,42,21,0,229,9.6,1759,21:27,19,28,674,489,58,giroucl01,2019
20,Mark Scheifele,25,WPG,C,82,38,46,84,8,38,9.4,26,12,0,6,32,11,3,199,19.1,1793,21:52,54,54,802,933,46.2,scheima01,2019
1,Connor McDavid,21,EDM,C,82,41,67,108,20,26,13.1,35,5,1,7,49,15,3,274,15,1767,21:33,46,28,376,533,41.4,mcdavco01,2018
2,Claude Giroux,30,PHI,LW,82,34,68,102,28,20,11.8,25,9,0,1,41,27,0,193,17.6,1670,20:22,23,30,638,450,58.6,giroucl01,2018
3,Nikita Kucherov,24,TBL,RW,80,39,61,100,15,42,11.6,31,8,0,7,33,28,0,279,14,1586,19:49,15,31,3,2,60,kucheni01,2018
4,Evgeni Malkin,31,PIT,C,78,42,56,98,16,87,12.4,28,14,0,7,32,24,0,239,17.6,1481,18:59,32,48,460,592,43.7,malkiev01,2018
5,Nathan MacKinnon,22,COL,C,74,39,58,97,11,55,12.2,27,12,0,12,37,20,1,284,13.7,1473,19:54,22,38,484,672,41.9,mackina01,2018
6,Taylor Hall,26,NJD,LW,76,39,54,93,14,34,12.2,25,13,1,7,30,24,0,278,14,1455,19:09,44,72,72,76,48.6,hallta02,2018
7,Phil Kessel,30,PIT,RW,82,34,58,92,-4,36,10.1,22,12,0,6,28,30,0,261,13,1532,18:41,17,10,6,13,31.6,kesseph01,2018
8,Anže Kopitar,30,LAK,C,82,35,57,92,21,20,11,28,7,0,6,35,20,2,200,17.5,1811,22:05,64,50,983,833,54.1,kopitan01,2018
9,Blake Wheeler,31,WPG,RW,81,23,68,91,13,52,9.2,17,6,0,2,32,34,2,246,9.3,1641,20:15,66,94,166,196,45.9,wheelbl01,2018
10,Sidney Crosby,30,PIT,C,82,29,60,89,0,46,9.1,20,9,0,6,31,29,0,247,11.7,1697,20:41,36,75,1026,909,53,crosbsi01,2018
11,Alex Ovechkin,32,WSH,LW,82,49,38,87,3,32,11.2,32,17,0,7,24,14,0,355,13.8,1652,20:09,21,139,3,5,37.5,ovechal01,2018
12,Steven Stamkos,27,TBL,C,78,27,59,86,18,72,9.3,12,15,0,1,41,18,0,212,12.7,1464,18:46,35,61,466,426,52.2,stamkst01,2018
13,Mathew Barzal,20,NYI,C,82,22,63,85,1,30,8.2,17,5,0,4,41,22,0,170,12.9,1457,17:46,31,21,355,479,42.6,barzama01,2018
14,Brad Marchand,29,BOS,LW,68,34,51,85,25,63,11,25,8,1,8,33,15,3,182,18.7,1341,19:43,25,37,50,76,39.7,marchbr03,2018
15,Jakub Voráček,28,PHI,RW,82,20,65,85,10,50,8.1,15,5,0,3,35,30,0,228,8.8,1595,19:27,32,23,15,19,44.1,voracja01,2018
16,Johnny Gaudreau,24,CGY,LW,80,24,60,84,2,26,8.7,21,3,0,4,39,21,0,227,10.6,1554,19:25,18,16,1,4,20,gaudrjo01,2018
17,Mikko Rantanen,21,COL,RW,81,29,55,84,0,34,9.3,17,12,0,3,32,23,0,178,16.3,1536,18:58,40,32,60,57,51.3,rantami01,2018
18,John Tavares,27,NYI,C,82,37,47,84,-12,26,8.8,23,12,2,3,28,18,1,257,14.4,1634,19:56,34,30,913,813,52.9,tavarjo01,2018
19,Evgeny Kuznetsov,25,WSH,C,79,27,56,83,3,48,8.8,19,7,1,8,33,23,0,187,14.4,1486,18:49,26,50,450,568,44.2,kuzneev01,2018
20,Artemi Panarin,26,CBJ,LW,81,27,55,82,23,26,9.4,20,7,0,5,41,14,0,228,11.8,1631,20:08,19,15,0,7,0,panarar01,2018
1,Connor McDavid,20,EDM,C,82,30,70,100,27,26,12.8,26,3,1,6,45,24,1,251,12,1733,21:08,29,34,348,458,43.2,mcdavco01,2017
2,Sidney Crosby,29,PIT,C,75,44,45,89,17,24,12.3,30,14,0,5,34,11,0,255,17.3,1491,19:53,27,80,842,906,48.2,crosbsi01,2017
3,Patrick Kane,28,CHI,RW,82,34,55,89,11,32,10.8,27,7,0,5,39,16,0,292,11.6,1754,21:24,15,28,7,44,13.7,kanepa01,2017
4,Nicklas Bäckström,29,WSH,C,82,23,63,86,17,38,9.9,15,8,0,5,36,27,0,162,14.2,1497,18:16,33,45,685,648,51.4,backsni02,2017
5,Nikita Kucherov,23,TBL,RW,74,40,45,85,13,38,12,23,17,0,7,30,15,0,246,16.3,1438,19:26,20,30,0,0,,kucheni01,2017
6,Brad Marchand,28,BOS,LW,80,39,46,85,18,81,12.6,27,9,3,8,29,15,2,226,17.3,1555,19:26,35,51,13,23,36.1,marchbr03,2017
7,Mark Scheifele,23,WPG,C,79,32,50,82,18,38,10.3,25,7,0,5,40,8,2,160,20,1624,20:34,34,49,635,826,43.5,scheima01,2017
8,Leon Draisaitl,21,EDM,C,82,29,48,77,7,20,9.6,19,10,0,5,31,17,0,172,16.9,1548,18:53,36,41,476,496,49,draisle01,2017
9,Brent Burns,31,SJS,D,82,29,47,76,19,40,15.3,21,8,0,6,29,17,1,320,9.1,2039,24:52:00,142,69,0,0,,burnsbr01,2017
10,Vladimir Tarasenko,25,STL,RW,82,39,36,75,-1,12,10.2,30,9,0,8,23,13,0,286,13.6,1515,18:28,31,50,5,5,50,tarasvl01,2017
11,Artemi Panarin,25,CHI,LW,82,31,43,74,18,21,9.4,22,9,0,5,35,8,0,211,14.7,1597,19:28,14,23,2,8,20,panarar01,2017
12,Blake Wheeler,30,WPG,RW,82,26,48,74,6,47,8.2,19,5,2,4,31,16,1,259,10,1652,20:09,51,100,43,51,45.7,wheelbl01,2017
13,Ryan Getzlaf,31,ANA,C,74,15,58,73,7,49,7.6,7,6,2,3,43,14,1,138,10.9,1559,21:04,88,99,509,503,50.3,getzlry01,2017
14,Victor Hedman,26,TBL,D,79,16,56,72,3,47,12,12,4,0,5,27,29,0,166,9.6,1936,24:30:00,132,93,0,0,,hedmavi01,2017
15,Evgeni Malkin,30,PIT,C,62,33,39,72,18,77,9.9,22,11,0,6,27,12,0,191,17.3,1154,18:37,25,40,365,481,43.1,malkiev01,2017
16,Tyler Seguin,25,DAL,C,82,26,46,72,-15,22,7.5,15,11,0,4,28,18,0,301,8.6,1514,18:28,26,60,401,385,51,seguity01,2017
17,Erik Karlsson,26,OTT,D,77,17,54,71,10,28,12.9,13,4,0,5,29,23,2,218,7.8,2066,26:50:00,201,67,0,0,,karlser01,2017
18,Phil Kessel,29,PIT,RW,82,23,47,70,3,20,7.3,15,8,0,4,25,22,0,229,10,1471,17:56,15,12,5,10,33.3,kesseph01,2017
19,David Pastrňák,20,BOS,RW,75,34,36,70,11,34,10.3,24,10,0,6,22,14,0,262,13,1349,17:59,32,72,2,1,66.7,pastrda01,2017
20,Jamie Benn,27,DAL,LW,77,26,43,69,-9,66,7.5,13,12,1,4,29,14,0,201,12.9,1492,19:22,47,89,212,200,51.5,bennja01,2017
1,Patrick Kane,27,CHI,RW,82,46,60,106,17,30,15,29,17,0,9,40,20,0,287,16,1674,20:25,21,37,11,40,21.6,kanepa01,2016
2,Jamie Benn,26,DAL,LW,82,41,48,89,7,64,12.1,22,17,2,5,32,13,3,247,16.6,1642,20:01,55,156,226,252,47.3,bennja01,2016
3,Sidney Crosby,28,PIT,C,80,36,49,85,19,42,11.5,26,10,0,9,35,14,0,248,14.5,1638,20:28,35,90,986,921,51.7,crosbsi01,2016
4,Erik Karlsson,25,OTT,D,82,16,66,82,-2,50,11.7,15,1,0,3,41,25,0,248,6.5,2375,28:58:00,175,84,0,1,0,karlser01,2016
5,Joe Thornton,36,SJS,C,82,19,63,82,25,54,10,11,8,0,6,42,21,0,121,15.7,1506,18:22,30,48,399,353,53.1,thornjo01,2016
6,Johnny Gaudreau,22,CGY,LW,79,30,48,78,4,20,9.2,24,6,0,6,33,15,0,217,13.8,1575,19:56,10,26,2,3,40,gaudrjo01,2016
7,Joe Pavelski,31,SJS,C,82,38,40,78,25,30,11.5,26,12,0,11,24,16,0,224,17,1625,19:49,67,147,516,422,55,paveljo01,2016
8,Blake Wheeler,29,WPG,RW,82,26,52,78,8,49,9.4,21,3,2,5,36,14,2,256,10.2,1623,19:47,56,92,10,18,35.7,wheelbl01,2016
9,Evgeny Kuznetsov,23,WSH,C,82,20,57,77,27,32,9.6,15,5,0,4,44,13,0,193,10.4,1428,17:25,29,73,543,594,47.8,kuzneev01,2016
10,Artemi Panarin,24,CHI,LW,80,30,47,77,8,32,9.8,22,8,0,7,31,16,0,187,16,1482,18:31,14,46,0,0,,panarar01,2016
11,Brent Burns,30,SJS,D,82,27,48,75,-5,53,12.9,19,7,1,4,24,23,1,353,7.6,2121,25:52:00,145,101,1,0,100,burnsbr01,2016
12,Anže Kopitar,28,LAK,C,81,25,49,74,34,16,9.7,19,5,1,8,34,13,2,177,14.1,1690,20:52,65,78,950,826,53.5,kopitan01,2016
13,Vladimir Tarasenko,24,STL,RW,80,40,34,74,7,37,10.8,28,12,0,7,22,12,0,292,13.7,1491,18:38,28,32,0,1,0,tarasvl01,2016
14,Tyler Seguin,24,DAL,C,72,33,40,73,2,16,9.6,26,7,0,6,23,17,0,278,11.9,1400,19:27,27,80,470,376,55.6,seguity01,2016
15,Alex Ovechkin,30,WSH,LW,79,50,21,71,21,53,11.7,31,19,0,8,16,5,0,398,12.6,1604,20:19,34,225,0,0,,ovechal01,2016
16,Nicklas Bäckström,28,WSH,C,75,20,50,70,17,36,8.3,17,3,0,4,23,27,0,129,15.5,1439,19:11,50,51,659,698,48.6,backsni02,2016
17,John Tavares,25,NYI,C,78,33,37,70,6,38,9.3,26,7,0,5,25,12,0,250,13.2,1560,20:00,29,51,741,629,54.1,tavarjo01,2016
18,Patrice Bergeron,30,BOS,C,80,32,36,68,12,49,9,19,12,1,6,21,13,2,282,11.3,1587,19:50,56,77,1130,848,57.1,bergepa01,2016
19,Claude Giroux,28,PHI,C,78,22,45,67,-8,53,6.9,15,6,1,5,23,21,1,241,9.1,1603,20:33,36,83,1083,798,57.6,giroucl01,2016
20,Kris Letang,28,PIT,D,71,16,51,67,9,66,11.3,11,5,0,2,26,22,3,218,7.3,1913,26:57:00,122,135,0,0,,letankr01,2016
1,Jamie Benn,25,DAL,LW,82,35,52,87,1,64,10.7,23,10,2,6,37,13,2,253,13.8,1636,19:57,50,120,298,278,51.7,bennja01,2015
2,John Tavares,24,NYI,C,82,38,48,86,5,46,11.2,25,13,0,8,29,18,1,278,13.7,1695,20:40,37,48,753,689,52.2,tavarjo01,2015
3,Sidney Crosby,27,PIT,C,77,28,56,84,5,47,10.3,18,10,0,3,35,21,0,237,11.8,1538,19:58,29,66,797,789,50.3,crosbsi01,2015
4,Alex Ovechkin,29,WSH,LW,81,53,28,81,10,58,12.6,28,25,0,11,19,9,0,395,13.4,1646,20:20,32,259,2,3,40,ovechal01,2015
5,Jakub Voráček,25,PHI,RW,82,22,59,81,1,78,8.8,11,11,0,3,37,22,0,221,10,1525,18:36,28,55,6,3,66.7,voracja01,2015
6,Nicklas Bäckström,27,WSH,C,82,18,60,78,5,40,8.1,15,3,0,3,30,30,0,153,11.8,1683,20:32,52,91,862,747,53.6,backsni02,2015
7,Tyler Seguin,23,DAL,C,71,37,40,77,-1,20,10.2,24,13,0,5,24,16,0,280,13.2,1388,19:33,26,63,275,236,53.8,seguity01,2015
8,Jiří Hudler,31,CGY,C,78,31,45,76,17,14,10.2,25,6,0,5,35,10,0,158,19.6,1405,18:01,14,27,21,25,45.7,hudleji01,2015
9,Daniel Sedin*,34,VAN,LW,82,20,56,76,5,18,8.5,16,4,0,5,35,21,0,226,8.8,1505,18:21,16,21,2,3,40,sedinda01,2015
10,Nick Foligno,27,CBJ,LW,79,31,42,73,16,50,9.7,20,11,0,3,27,15,0,182,17,1488,18:50,52,193,125,138,47.5,foligni01,2015
11,Claude Giroux,27,PHI,C,81,25,48,73,-3,36,7.9,11,14,0,4,25,23,0,279,9,1666,20:34,28,110,1063,807,56.8,giroucl01,2015
12,Henrik Sedin*,34,VAN,C,82,18,55,73,11,22,8.1,13,5,0,0,35,20,0,101,17.8,1526,18:37,24,23,708,848,45.5,sedinhe01,2015
13,Vladimir Tarasenko,23,STL,RW,77,37,36,73,27,31,11.2,29,8,0,6,26,10,0,264,14,1357,17:37,18,32,0,3,0,tarasvl01,2015
14,Tyler Johnson,24,TBL,C,77,29,43,72,33,24,10.3,21,8,0,6,34,9,0,203,14.3,1327,17:14,35,63,508,569,47.2,johnsty01,2015
15,Steven Stamkos,24,TBL,C,82,43,29,72,2,49,10.1,30,13,0,6,17,12,0,268,16,1588,19:22,33,87,438,466,48.5,stamkst01,2015
16,Ryan Johansen,22,CBJ,C,82,26,45,71,-6,40,7.8,17,7,2,0,26,19,0,202,12.9,1599,19:30,33,84,850,787,51.9,johanry01,2015
17,Ryan Getzlaf,29,ANA,C,77,25,45,70,15,62,8.6,22,3,0,6,33,10,2,191,13.1,1548,20:06,95,100,632,612,50.8,getzlry01,2015
18,Evgeni Malkin,28,PIT,C,69,28,42,70,-2,60,8.8,19,9,0,4,25,17,0,212,13.2,1309,18:58,18,24,322,427,43,malkiev01,2015
19,Joe Pavelski,30,SJS,C,82,37,33,70,12,29,9.7,18,19,0,5,21,12,0,261,14.2,1650,20:08,82,92,604,508,54.3,paveljo01,2015
20,Rick Nash,30,NYR,LW,79,42,27,69,29,36,11.4,32,6,4,8,20,6,1,304,13.8,1379,17:27,33,45,2,2,50,nashri01,2015
1,Sidney Crosby,26,PIT,C,80,36,68,104,18,46,13.5,25,11,0,5,41,27,0,259,13.9,1758,21:58,28,47,991,896,52.5,crosbsi01,2014
2,Ryan Getzlaf,28,ANA,C,77,31,56,87,28,31,11.2,26,5,0,7,38,18,0,204,15.2,1639,21:17,87,110,692,719,49,getzlry01,2014
3,Claude Giroux,26,PHI,C,82,28,58,86,7,46,10.2,21,7,0,7,28,30,0,223,12.6,1676,20:26,46,90,931,829,52.9,giroucl01,2014
4,Tyler Seguin,22,DAL,C,80,37,47,84,16,18,11.6,26,11,0,8,33,14,0,294,12.6,1548,19:21,24,47,280,395,41.5,seguity01,2014
5,Corey Perry,28,ANA,RW,81,43,39,82,32,65,12.3,35,8,0,9,29,10,0,280,15.4,1578,19:29,28,81,9,16,36,perryco01,2014
6,Taylor Hall,22,EDM,LW,75,27,53,80,-15,44,9,20,7,0,1,42,10,1,250,10.8,1501,20:01,41,54,37,44,45.7,hallta02,2014
7,Phil Kessel,26,TOR,RW,82,37,43,80,-5,27,10.3,29,8,0,6,31,12,0,305,12.1,1695,20:40,30,25,2,12,14.3,kesseph01,2014
8,Jamie Benn,24,DAL,C,81,34,45,79,21,64,10.9,28,5,1,3,29,14,2,279,12.2,1551,19:09,59,116,402,359,52.8,bennja01,2014
9,Joe Pavelski,29,SJS,C,82,41,38,79,23,32,11.5,24,16,1,3,22,15,1,225,18.2,1628,19:51,68,47,675,531,56,paveljo01,2014
10,Alex Ovechkin,28,WSH,LW,78,51,28,79,-35,48,10.2,27,24,0,10,12,15,1,386,13.2,1603,20:33,22,204,2,1,66.7,ovechal01,2014
11,Nicklas Bäckström,26,WSH,C,82,18,61,79,-20,54,7.2,11,6,1,1,23,38,0,196,9.2,1624,19:48,54,89,714,701,50.5,backsni02,2014
12,Patrick Sharp,32,CHI,LW,82,34,44,78,13,40,10,24,10,0,3,29,15,0,313,10.9,1549,18:53,27,55,83,69,54.6,sharppa01,2014
13,Joe Thornton,34,SJS,C,82,11,65,76,20,32,7.9,9,2,0,3,47,17,1,122,9,1552,18:56,34,54,617,482,56.1,thornjo01,2014
14,Erik Karlsson,23,OTT,D,82,20,54,74,-15,36,10.4,15,5,0,1,28,26,0,257,7.8,2220,27:04:00,101,122,0,0,,karlser01,2014
15,Evgeni Malkin,27,PIT,C,60,23,49,72,10,62,9.1,16,7,0,3,26,23,0,191,12,1204,20:04,18,27,303,318,48.8,malkiev01,2014
16,Matt Duchene,23,COL,C,71,23,47,70,8,19,8.1,18,5,0,6,35,12,0,217,10.6,1313,18:30,44,53,532,526,50.3,duchema01,2014
17,Anže Kopitar,26,LAK,C,82,29,41,70,34,24,10,19,10,0,9,28,13,0,200,14.5,1713,20:53,44,90,773,678,53.3,kopitan01,2014
18,Patrick Marleau,34,SJS,LW,82,33,37,70,0,18,8.6,20,11,2,4,25,12,0,285,11.6,1683,20:31,29,85,163,145,52.9,marlepa01,2014
19,David Krejčí,27,BOS,C,80,19,50,69,39,28,8.6,16,3,0,6,34,16,0,169,11.2,1530,19:07,56,75,618,590,51.2,krejcda01,2014
20,Patrick Kane,25,CHI,RW,69,29,40,69,7,22,8.6,19,10,0,6,25,15,0,227,12.8,1353,19:37,15,16,4,4,50,kanepa01,2014
1,Martin St. Louis*,37,TBL,RW,48,17,43,60,0,14,6.3,14,3,0,2,26,17,0,112,15.2,1055,21:59,32,23,12,16,42.9,stlouma01,2013
2,Steven Stamkos,22,TBL,C,48,29,28,57,-4,32,7.1,19,10,0,2,20,8,0,157,18.5,1057,22:01,17,63,406,413,49.6,stamkst01,2013
3,Sidney Crosby,25,PIT,C,36,15,41,56,26,16,7.5,12,3,0,1,27,14,0,124,12.1,760,21:06,18,21,453,381,54.3,crosbsi01,2013
4,Alex Ovechkin,27,WSH,RW,48,32,24,56,2,36,8,16,16,0,4,13,11,0,220,14.5,1002,20:53,18,120,0,1,0,ovechal01,2013
5,Patrick Kane,24,CHI,RW,47,23,32,55,11,8,7.6,15,8,0,3,23,9,0,138,16.7,943,20:03,9,11,2,8,20,kanepa01,2013
6,Eric Staal,28,CAR,C,48,18,35,53,5,54,6.4,14,3,1,4,29,6,0,152,11.8,1008,21:00,24,35,527,487,52,staaler01,2013
7,Phil Kessel,25,TOR,RW,48,20,32,52,-3,18,6.2,14,6,0,4,17,15,0,161,12.4,951,19:49,23,16,5,3,62.5,kesseph01,2013
8,Chris Kunitz,33,PIT,LW,48,22,30,52,30,39,7.8,13,9,0,5,23,7,0,113,19.5,865,18:01,13,104,4,5,44.4,kunitch01,2013
9,Taylor Hall,21,EDM,LW,45,16,34,50,5,33,6.1,12,4,0,4,24,10,0,154,10.4,838,18:37,20,24,29,24,54.7,hallta02,2013
10,Pavel Datsyuk,34,DET,C,47,15,34,49,21,14,6.5,7,8,0,6,23,8,3,107,14,949,20:11,30,31,488,399,55,datsypa01,2013
11,Ryan Getzlaf,27,ANA,C,44,15,34,49,14,41,6.1,8,4,3,3,23,11,0,99,15.2,889,20:12,42,89,355,384,48,getzlry01,2013
12,Mike Ribeiro,32,WSH,C,48,13,36,49,-4,53,5.1,7,6,0,1,15,21,0,63,20.6,856,17:50,29,55,226,279,44.8,ribeimi01,2013
13,Nicklas Bäckström,25,WSH,C,48,8,40,48,8,20,4.8,5,3,0,1,25,15,0,82,9.8,955,19:54,35,31,432,408,51.4,backsni02,2013
14,Claude Giroux,25,PHI,RW,48,13,35,48,-7,22,5,6,6,1,2,20,15,0,137,9.5,1016,21:10,29,57,644,538,54.5,giroucl01,2013
15,Jonathan Toews,24,CHI,C,47,23,25,48,28,27,7.6,19,2,2,5,20,4,1,143,16.1,909,19:21,16,24,559,374,59.9,toewsjo01,2013
16,Henrik Zetterberg,32,DET,C,46,11,37,48,2,18,5.2,5,4,2,5,18,19,0,173,6.4,944,20:31,10,20,263,281,48.3,zettehe01,2013
17,John Tavares,22,NYI,C,48,28,19,47,-2,18,6.6,19,9,0,5,12,7,0,162,17.3,997,20:46,22,33,459,471,49.4,tavarjo01,2013
18,Andrew Ladd,27,WPG,LW,48,18,28,46,10,22,5.9,15,3,0,4,25,3,0,121,14.9,945,19:41,26,98,29,25,53.7,laddan01,2013
19,Jakub Voráček,23,PHI,RW,48,22,24,46,-7,35,6.1,14,8,0,3,15,9,0,129,17.1,827,17:14,12,20,2,3,40,voracja01,2013
20,Henrik Sedin*,32,VAN,C,48,11,34,45,19,24,5.6,9,1,1,1,22,12,0,70,15.7,929,19:21,9,22,440,451,49.4,sedinhe01,2013
1,Evgeni Malkin,25,PIT,C,75,50,59,109,18,70,15.7,38,12,0,9,37,22,0,339,14.7,1577,21:01,41,29,575,635,47.5,malkiev01,2012
2,Steven Stamkos,21,TBL,C,82,60,37,97,7,66,14.6,48,12,0,12,24,13,0,303,19.8,1806,22:01,37,109,558,669,45.5,stamkst01,2012
3,Claude Giroux,24,PHI,RW,77,28,65,93,6,29,10.6,22,6,0,5,31,32,2,242,11.6,1659,21:33,44,70,828,715,53.7,giroucl01,2012
4,Jason Spezza,28,OTT,C,80,34,50,84,11,36,10.5,24,10,0,2,36,14,0,232,14.7,1594,19:55,23,28,909,791,53.5,spezzja01,2012
5,Ilya Kovalchuk,28,NJD,LW,77,37,46,83,-9,33,10.5,24,10,3,5,25,19,2,310,11.9,1882,24:26:00,18,27,13,24,35.1,kovalil01,2012
6,Phil Kessel,24,TOR,RW,82,37,45,82,-10,20,9.9,27,10,0,6,32,13,0,295,12.5,1645,20:03,21,12,9,19,32.1,kesseph01,2012
7,James Neal,24,PIT,LW,80,40,41,81,6,87,11,22,18,0,4,29,12,0,329,12.2,1531,19:08,15,108,4,11,26.7,nealja01,2012
8,Henrik Sedin*,31,VAN,C,82,14,67,81,23,52,8.7,6,8,0,6,48,19,0,113,12.4,1565,19:05,17,32,652,650,50.1,sedinhe01,2012
9,John Tavares,21,NYI,C,82,31,50,81,-6,26,9.6,24,7,0,8,32,18,0,286,10.8,1687,20:34,23,27,813,772,51.3,tavarjo01,2012
10,Patrik Eliáš,35,NJD,LW,81,26,52,78,-8,16,9.1,16,8,2,3,29,21,2,164,15.9,1608,19:51,26,61,604,765,44.1,eliaspa01,2012
11,Erik Karlsson,21,OTT,D,81,19,59,78,16,42,13.1,16,3,0,5,34,25,0,261,7.3,2051,25:19:00,65,60,0,1,0,karlser01,2012
12,Marián Hossa*,33,CHI,RW,81,29,48,77,18,20,9.4,18,9,2,4,36,11,1,248,11.7,1617,19:58,40,73,3,6,33.3,hossama01,2012
13,Joe Thornton,32,SJS,C,82,18,59,77,17,31,8.4,14,4,0,2,39,19,1,156,11.5,1678,20:28,26,42,557,436,56.1,thornjo01,2012
14,Ray Whitney,39,PHX,LW,82,24,53,77,26,28,9.7,16,8,0,1,41,12,0,185,13,1529,18:39,10,28,4,11,26.7,whitnra01,2012
15,Jordan Eberle,21,EDM,C,78,34,42,76,4,10,10.3,24,10,0,4,32,10,0,180,18.9,1373,17:36,24,45,12,15,44.4,eberljo01,2012
16,Marián Gáborík,29,NYR,RW,82,41,35,76,15,34,11.2,31,10,0,7,24,11,0,276,14.9,1600,19:31,40,63,0,2,0,gaborma01,2012
17,Anže Kopitar,24,LAK,C,82,25,51,76,12,20,9.5,15,8,2,2,31,18,2,230,10.9,1750,21:20,53,72,754,646,53.9,kopitan01,2012
18,Martin St. Louis*,36,TBL,RW,77,25,49,74,-3,16,7.7,21,4,0,3,37,12,0,185,13.5,1743,22:38,39,17,18,23,43.9,stlouma01,2012
19,Jason Pominville,29,BUF,RW,82,30,43,73,-7,12,8.4,20,8,2,5,24,18,1,235,12.8,1614,19:41,52,30,179,196,47.7,pominja01,2012
20,Loui Eriksson,26,DAL,LW,82,26,45,71,18,12,8.6,19,5,2,3,37,7,1,187,13.9,1620,19:46,40,20,7,9,43.8,erikslo01,2012
1,Daniel Sedin*,30,VAN,LW,82,41,63,104,30,32,14.3,23,18,0,10,39,24,0,266,15.4,1521,18:33,12,13,4,13,23.5,sedinda01,2011
2,Martin St. Louis*,35,TBL,RW,82,31,68,99,0,12,11.3,27,4,0,7,31,37,0,254,12.2,1720,20:59,64,37,50,81,38.2,stlouma01,2011
3,Corey Perry,25,ANA,RW,82,50,48,98,9,104,13.3,32,14,4,11,30,17,1,290,17.2,1830,22:19,41,64,9,13,40.9,perryco01,2011
4,Henrik Sedin*,30,VAN,C,82,19,75,94,26,40,10.5,11,8,0,4,48,27,0,157,12.1,1579,19:16,21,15,721,666,52,sedinhe01,2011
5,Steven Stamkos,20,TBL,C,82,45,46,91,3,74,12.2,28,17,0,8,27,19,0,272,16.5,1656,20:12,37,84,431,496,46.5,stamkst01,2011
6,Jarome Iginla*,33,CGY,RW,82,43,43,86,0,40,11,29,14,0,6,27,16,0,289,14.9,1717,20:56,28,103,227,193,54,iginlja01,2011
7,Alex Ovechkin,25,WSH,LW,79,32,53,85,24,41,11.1,25,7,0,11,36,17,0,367,8.7,1688,21:22,23,239,6,12,33.3,ovechal01,2011
8,Teemu Selänne*,40,ANA,RW,73,31,49,80,6,49,10,15,16,0,5,31,18,0,213,14.6,1310,17:56,20,15,97,121,44.5,selante01,2011
9,Henrik Zetterberg,30,DET,C,80,24,56,80,-1,40,8.2,14,10,0,3,35,20,1,306,7.8,1567,19:35,19,38,516,468,52.4,zettehe01,2011
10,Brad Richards,30,DAL,C,72,28,49,77,1,24,9,21,7,0,3,27,22,0,272,10.3,1564,21:43,22,20,501,489,50.6,richabr01,2011
11,Ryan Getzlaf,25,ANA,C,67,19,57,76,14,35,8.4,12,7,0,4,37,20,0,117,16.2,1464,21:51,57,189,542,641,45.8,getzlry01,2011
12,Claude Giroux,23,PHI,RW,82,25,51,76,20,47,8.8,14,8,3,5,36,11,4,169,14.8,1591,19:24,44,117,548,547,50,giroucl01,2011
13,Eric Staal,26,CAR,C,81,33,43,76,-10,72,8.4,18,12,3,8,26,17,0,296,11.1,1777,21:56,31,80,827,901,47.9,staaler01,2011
14,Jonathan Toews,22,CHI,C,80,32,44,76,25,26,9.8,21,10,1,8,28,15,1,233,13.7,1661,20:46,28,74,937,716,56.7,toewsjo01,2011
15,Loui Eriksson,25,DAL,LW,79,27,46,73,10,8,8.8,16,10,1,6,29,15,2,179,15.1,1625,20:34,46,26,1,3,25,erikslo01,2011
16,Patrick Kane,22,CHI,RW,73,27,46,73,7,28,8.6,22,5,0,2,27,19,0,216,12.5,1408,19:17,17,17,2,12,14.3,kanepa01,2011
17,Ryan Kesler,26,VAN,C,82,41,32,73,24,66,10.4,23,15,3,7,16,15,1,260,15.8,1681,20:30,80,124,859,637,57.4,keslery01,2011
18,Anže Kopitar,23,LAK,C,75,25,48,73,25,20,9.2,18,6,1,6,36,12,0,233,10.7,1619,21:35,45,92,579,581,49.9,kopitan01,2011
19,Patrick Marleau,31,SJS,C,82,37,36,73,-3,16,8.8,24,11,2,9,20,15,1,279,13.3,1705,20:47,31,86,288,261,52.5,marlepa01,2011
20,Thomas Vanek,27,BUF,LW,80,32,41,73,2,24,9.1,21,11,0,5,24,17,0,238,13.4,1388,17:21,12,30,8,18,30.8,vanekth01,2011
1,Henrik Sedin*,29,VAN,C,82,29,83,112,35,48,13.5,23,4,2,5,60,23,0,166,17.5,1614,19:41,13,13,756,771,49.5,sedinhe01,2010
2,Sidney Crosby,22,PIT,C,81,51,58,109,15,71,14.7,36,13,2,6,36,21,1,298,17.1,1778,21:57,42,62,992,781,56,crosbsi01,2010
3,Alex Ovechkin,24,WSH,LW,72,50,59,109,45,89,15.6,37,13,0,7,36,23,0,368,13.6,1569,21:48,20,181,10,12,45.5,ovechal01,2010
4,Nicklas Bäckström,22,WSH,C,82,33,68,101,37,50,12.2,22,11,0,4,42,26,0,222,14.9,1677,20:27,61,90,657,660,49.9,backsni02,2010
5,Steven Stamkos,19,TBL,C,82,51,44,95,-2,38,12.8,26,24,1,5,27,17,0,297,17.2,1685,20:33,38,68,475,517,47.9,stamkst01,2010
6,Martin St. Louis*,34,TBL,RW,82,29,65,94,-8,12,9.9,21,7,1,7,35,30,0,242,12,1788,21:49,40,19,71,85,45.5,stlouma01,2010
7,Brad Richards,29,DAL,C,80,24,67,91,-12,14,8.9,11,13,0,2,40,27,0,284,8.5,1669,20:52,22,16,587,553,51.5,richabr01,2010
8,Joe Thornton,30,SJS,C,79,20,69,89,17,54,9.6,15,4,1,2,42,25,2,141,14.2,1569,19:51,29,113,662,566,53.9,thornjo01,2010
9,Patrick Kane,21,CHI,RW,82,30,58,88,16,20,10.3,21,9,0,6,37,20,1,261,11.5,1574,19:12,17,17,9,13,40.9,kanepa01,2010
10,Marián Gáborík,27,NYR,RW,76,42,44,86,15,37,12.1,27,14,1,4,31,12,1,272,15.4,1615,21:15,31,59,2,5,28.6,gaborma01,2010
11,Ilya Kovalchuk,26,TOT,LW,76,41,44,85,10,53,11,29,12,0,4,29,15,0,290,14.1,1675,22:02,20,30,7,23,23.3,kovalil01,2010
12,Daniel Sedin*,29,VAN,LW,63,29,56,85,36,28,11.4,21,8,0,8,43,13,0,225,12.9,1206,19:08,3,8,11,22,33.3,sedinda01,2010
13,Alexander Semin,25,WSH,LW,73,40,44,84,36,66,11.7,30,8,2,5,25,19,0,278,14.4,1396,19:07,20,30,6,10,37.5,seminal01,2010
14,Patrick Marleau,30,SJS,C,82,44,39,83,21,22,11.4,28,12,4,6,26,13,0,274,16.1,1739,21:13,33,76,316,299,51.4,marlepa01,2010
15,Dany Heatley,29,SJS,RW,82,39,43,82,14,54,10.6,20,18,1,9,31,12,0,280,13.9,1659,20:14,35,81,14,21,40,heatlda01,2010
16,Zach Parise,25,NJD,C,81,38,44,82,24,32,11.5,28,9,1,5,27,17,0,347,11,1602,19:46,34,108,18,30,37.5,parisza01,2010
17,Anže Kopitar,22,LAK,C,82,34,47,81,6,16,9.5,19,14,1,2,23,24,0,259,13.1,1786,21:47,50,78,592,602,49.6,kopitan01,2010
18,Paul Stastny,24,COL,C,81,20,59,79,2,50,7.4,11,9,0,2,43,16,0,199,10.1,1733,21:24,53,42,851,852,50,stastpa01,2010
19,Evgeni Malkin,23,PIT,C,67,28,49,77,-6,100,8.5,13,13,2,7,33,15,1,268,10.4,1397,20:51,25,58,199,295,40.3,malkiev01,2010
20,Mike Green,24,WSH,D,75,19,57,76,39,54,13,9,10,0,4,31,25,1,205,9.3,1911,25:29:00,105,133,0,0,,greenmi03,2010
1,Evgeni Malkin,22,PIT,C,82,35,78,113,17,80,12.6,19,14,2,4,51,27,0,290,12.1,1846,22:31,39,80,283,385,42.4,malkiev01,2009
2,Alex Ovechkin,23,WSH,LW,79,56,54,110,8,72,14.5,36,19,1,10,27,27,0,528,10.6,1817,23:00,32,243,8,24,25,ovechal01,2009
3,Sidney Crosby,21,PIT,C,77,33,70,103,3,76,11.1,26,7,0,3,36,33,1,238,13.9,1690,21:57,42,80,829,786,51.3,crosbsi01,2009
4,Pavel Datsyuk,30,DET,C,81,32,65,97,34,22,11.5,20,11,1,3,39,25,1,248,12.9,1556,19:13,33,75,621,489,55.9,datsypa01,2009
5,Zach Parise,24,NJD,LW,82,45,49,94,30,24,12.8,31,14,0,8,30,16,3,364,12.4,1538,18:45,17,65,54,66,45,parisza01,2009
6,Ryan Getzlaf,23,ANA,C,81,25,66,91,5,121,9.2,16,9,0,2,38,28,0,227,11,1631,20:08,43,134,566,562,50.2,getzlry01,2009
7,Ilya Kovalchuk,25,ATL,LW,79,43,48,91,-12,50,10.3,31,12,0,6,23,24,1,275,15.6,1723,21:48,15,43,5,9,35.7,kovalil01,2009
8,Jarome Iginla*,31,CGY,RW,82,35,54,89,-2,37,9.5,25,10,0,4,32,22,0,289,12.1,1772,21:37,15,80,262,235,52.7,iginlja01,2009
9,Nicklas Bäckström,21,WSH,C,82,22,66,88,16,46,9.2,8,14,0,1,38,28,0,174,12.6,1635,19:57,46,52,570,601,48.7,backsni02,2009
10,Marc Savard,31,BOS,C,82,25,63,88,25,70,9.8,16,9,0,5,40,21,2,213,11.7,1602,19:32,19,24,635,641,49.8,savarma01,2009
11,Joe Thornton,29,SJS,C,82,25,61,86,16,56,9.5,14,11,0,3,37,24,0,139,18,1596,19:28,24,81,718,577,55.4,thornjo01,2009
12,Jeff Carter,24,PHI,C,82,46,38,84,23,68,11.7,29,13,4,12,27,11,0,342,13.5,1718,20:57,53,54,833,892,48.3,carteje01,2009
13,Mike Cammalleri,26,CGY,LW,81,39,43,82,-2,44,9.8,20,19,0,6,28,15,0,255,15.3,1422,17:33,18,21,217,143,60.3,cammami01,2009
14,Daniel Sedin*,28,VAN,LW,82,31,51,82,24,36,9.9,22,9,0,7,36,15,0,285,10.9,1541,18:48,15,13,14,19,42.4,sedinda01,2009
15,Henrik Sedin*,28,VAN,C,82,22,60,82,22,48,8.7,18,4,0,8,38,22,0,143,15.4,1601,19:31,16,17,664,682,49.3,sedinhe01,2009
16,Mike Richards,23,PHI,C,79,30,50,80,22,63,9.4,15,8,7,4,23,25,2,238,12.6,1717,21:44,90,147,813,847,49,richami02,2009
17,Martin St. Louis*,33,TBL,RW,82,30,50,80,4,14,8.4,21,7,2,3,31,18,1,262,11.5,1745,21:17,48,17,14,16,46.7,stlouma01,2009
18,Rick Nash,24,CBJ,LW,78,40,39,79,11,52,10.1,29,6,5,5,25,13,1,263,15.2,1650,21:10,29,71,5,13,27.8,nashri01,2009
19,Alexander Semin,24,WSH,RW,62,34,45,79,25,77,10.7,26,8,0,8,21,22,2,223,15.2,1193,19:14,10,22,12,12,50,seminal01,2009
20,Patrik Eliáš,32,NJD,LW,77,31,47,78,18,32,9.4,17,12,2,6,25,19,3,247,12.6,1430,18:34,17,51,26,61,29.9,eliaspa01,2009
1,Alex Ovechkin,22,WSH,LW,82,65,47,112,28,40,17.2,43,22,0,11,32,15,0,446,14.6,1879,22:55,44,220,7,11,38.9,ovechal01,2008
2,Evgeni Malkin,21,PIT,C,82,47,59,106,16,78,13.9,30,17,0,5,36,23,0,272,17.3,1748,21:19,40,49,350,540,39.3,malkiev01,2008
3,Jarome Iginla*,30,CGY,RW,82,50,48,98,27,83,14.2,35,15,0,9,30,18,0,338,14.8,1758,21:26,10,98,245,200,55.1,iginlja01,2008
4,Pavel Datsyuk,29,DET,C,82,31,66,97,41,20,12.6,20,10,1,6,36,30,0,264,11.7,1753,21:23,42,40,452,380,54.3,datsypa01,2008
5,Joe Thornton,28,SJS,C,82,29,67,96,18,59,11.9,18,11,0,5,41,26,0,178,16.3,1739,21:12,31,60,784,700,52.8,thornjo01,2008
6,Vincent Lecavalier,27,TBL,C,81,40,52,92,-17,89,10.7,29,10,1,7,30,19,3,318,12.6,1859,22:57,21,108,810,848,48.9,lecavvi01,2008
7,Jason Spezza,24,OTT,C,76,34,58,92,26,66,11.6,23,11,0,6,36,22,0,210,16.2,1571,20:40,18,18,727,713,50.5,spezzja01,2008
8,Henrik Zetterberg,27,DET,LW,75,43,49,92,30,34,13,26,16,1,7,29,20,0,358,12,1655,22:04,16,31,666,543,55.1,zettehe01,2008
9,Daniel Alfredsson*,35,OTT,RW,70,40,49,89,15,34,11.5,24,9,7,5,31,16,2,217,18.4,1560,22:17,30,55,21,18,53.8,alfreda01,2008
10,Ilya Kovalchuk,24,ATL,LW,79,52,35,87,-12,52,12,34,16,2,4,21,14,0,283,18.4,1699,21:30,25,39,13,16,44.8,kovalil01,2008
11,Alex Kovalev,34,MTL,RW,82,35,49,84,18,70,10.8,18,17,0,5,17,30,2,230,15.2,1603,19:33,39,88,32,26,55.2,kovalal01,2008
12,Marián Gáborík,25,MIN,RW,77,42,41,83,17,63,11.6,30,11,1,8,28,13,0,278,15.1,1509,19:36,18,59,6,15,28.6,gaborma01,2008
13,Mike Ribeiro,27,DAL,C,76,27,56,83,21,46,10.5,20,7,0,5,32,24,0,107,25.2,1400,18:26,23,53,396,488,44.8,ribeimi01,2008
14,Martin St. Louis*,32,TBL,RW,82,25,58,83,-23,26,7.6,13,10,2,5,38,19,1,241,10.4,1991,24:17:00,45,34,3,9,25,stlouma01,2008
15,Ryan Getzlaf,22,ANA,C,77,24,58,82,32,94,10.5,19,4,1,2,26,32,0,185,13,1513,19:39,46,126,545,607,47.3,getzlry01,2008
16,Dany Heatley,27,OTT,LW,71,41,41,82,33,76,11.6,28,13,0,8,29,12,0,224,18.3,1543,21:44,31,58,15,11,57.7,heatlda01,2008
17,Eric Staal,23,CAR,C,82,38,44,82,-2,50,9.4,24,14,0,7,23,21,0,310,12.3,1774,21:38,33,99,767,941,44.9,staaler01,2008
18,Derek Roy,24,BUF,C,78,32,49,81,13,46,9.5,23,6,3,4,30,17,2,218,14.7,1636,20:58,48,35,700,673,51,royde01,2008
19,Jason Pominville,25,BUF,RW,82,27,53,80,16,20,8.9,24,2,1,1,26,25,2,232,11.6,1637,19:58,37,30,24,42,36.4,pominja01,2008
20,Shane Doan,31,PHX,RW,80,28,50,78,4,59,9,17,9,2,5,25,18,7,243,11.5,1661,20:46,17,158,77,110,41.2,doansh01,2008
1,Sidney Crosby,19,PIT,C,79,36,84,120,10,60,13.3,23,13,0,4,36,48,0,250,14.4,1640,20:46,,,,,,crosbsi01,2007
2,Joe Thornton,27,SJS,C,82,22,92,114,24,44,12.2,12,10,0,5,48,44,0,213,10.3,1666,20:19,,,,,,thornjo01,2007
3,Vincent Lecavalier,26,TBL,C,82,52,56,108,2,44,13.4,31,16,5,7,32,20,4,339,15.3,1854,22:36,,,,,,lecavvi01,2007
4,Dany Heatley,26,OTT,RW,82,50,55,105,31,74,13.4,30,17,3,10,32,22,1,310,16.1,1725,21:02,,,,,,heatlda01,2007
5,Martin St. Louis*,31,TBL,RW,82,43,59,102,7,28,11.8,24,14,5,7,37,16,6,273,15.8,1981,24:09:00,,,,,,stlouma01,2007
6,Marián Hossa*,28,ATL,RW,82,43,57,100,18,49,12.4,23,17,3,5,29,27,1,340,12.6,1778,21:41,,,,,,hossama01,2007
7,Joe Sakic*,37,COL,C,82,36,64,100,2,46,10.8,20,16,0,4,37,27,0,258,14,1655,20:11,,,,,,sakicjo01,2007
8,Jaromír Jágr,34,NYR,RW,82,30,66,96,26,78,11,23,7,0,5,32,34,0,324,9.3,1784,21:46,,,,,,jagrja01,2007
9,Marc Savard,29,BOS,C,82,22,74,96,-19,96,8.7,11,10,1,3,35,39,0,221,10,1658,20:13,,,,,,savarma01,2007
10,Daniel Brière,29,BUF,C,81,32,63,95,17,89,10,23,9,0,6,42,21,0,234,13.7,1564,19:19,,,,,,brierda01,2007
11,Jarome Iginla*,29,CGY,RW,70,39,55,94,12,40,11.1,25,13,1,7,35,20,0,264,14.8,1544,22:04,,,,,,iginlja01,2007
12,Teemu Selänne*,36,ANA,RW,82,48,46,94,26,82,13,23,25,0,10,23,23,0,257,18.7,1451,17:42,,,,,,selante01,2007
13,Alex Ovechkin,21,WSH,LW,82,46,46,92,-19,52,10.5,30,16,0,8,25,21,0,392,11.7,1754,21:23,,,,,,ovechal01,2007
14,Olli Jokinen,28,FLA,C,82,39,52,91,18,78,10.8,29,9,1,8,33,19,0,351,11.1,1684,20:32,,,,,,jokinol01,2007
15,Daniel Alfredsson*,34,OTT,RW,77,29,58,87,42,42,10,20,7,2,7,38,18,2,240,12.1,1661,21:35,,,,,,alfreda01,2007
16,Pavel Datsyuk,28,DET,C,79,27,60,87,36,20,10.5,20,5,2,5,35,24,1,207,13,1577,19:57,,,,,,datsypa01,2007
17,Jason Spezza,23,OTT,C,67,34,53,87,19,45,10.4,20,13,1,5,32,20,1,162,21,1292,19:17,,,,,,spezzja01,2007
18,Evgeni Malkin,20,PIT,LW,78,33,52,85,2,80,9.4,17,16,0,6,28,24,0,242,13.6,1494,19:10,,,,,,malkiev01,2007
19,Daniel Sedin*,26,VAN,LW,81,36,48,84,19,36,10.7,20,16,0,8,30,18,0,236,15.3,1463,18:04,,,,,,sedinda01,2007
20,Thomas Vanek,23,BUF,LW,82,43,41,84,47,40,11.6,28,15,0,5,34,7,0,237,18.1,1376,16:47,,,,,,vanekth01,2007
1,Joe Thornton,26,TOT,C,81,29,96,125,31,61,13.3,18,11,0,6,54,40,2,195,14.9,1728,21:20,,,,,,thornjo01,2006
2,Jaromír Jágr,33,NYR,RW,82,54,69,123,34,72,15.5,30,24,0,9,41,28,0,368,14.7,1810,22:05,,,,,,jagrja01,2006
3,Alex Ovechkin,20,WSH,LW,81,52,54,106,2,52,12.7,28,21,3,5,23,31,0,425,12.2,1751,21:37,,,,,,ovechal01,2006
4,Daniel Alfredsson*,33,OTT,RW,77,43,60,103,29,50,12.3,22,16,5,8,27,32,1,249,17.3,1670,21:41,,,,,,alfreda01,2006
5,Dany Heatley,25,OTT,LW,82,50,53,103,29,86,12.9,25,23,2,7,31,20,2,300,16.7,1734,21:09,,,,,,heatlda01,2006
6,Sidney Crosby,18,PIT,C,81,39,63,102,-1,110,10.5,23,16,0,5,30,31,2,278,14,1630,20:08,,,,,,crosbsi01,2006
7,Eric Staal,21,CAR,C,82,45,55,100,-8,81,11.1,22,19,4,4,34,21,0,279,16.1,1611,19:39,,,,,,staaler01,2006
8,Ilya Kovalchuk,22,ATL,LW,78,52,46,98,-6,68,11.2,25,27,0,7,16,29,1,323,16.1,1731,22:11,,,,,,kovalil01,2006
9,Marc Savard,28,ATL,C,82,28,69,97,7,100,9.3,13,14,1,4,31,36,2,212,13.2,1682,20:30,,,,,,savarma01,2006
10,Jonathan Cheechoo,25,SJS,RW,82,56,37,93,23,58,12.7,30,24,2,11,20,17,0,317,17.7,1637,19:57,,,,,,cheecjo01,2006
11,Marián Hossa*,27,ATL,RW,80,39,53,92,17,67,10.2,18,14,7,7,27,25,1,341,11.4,1735,21:41,,,,,,hossama01,2006
12,Brad Richards,25,TBL,C,82,23,68,91,0,32,8,12,7,4,0,28,39,1,282,8.2,1866,22:45,,,,,,richabr01,2006
13,Teemu Selänne*,35,MDA,RW,80,40,50,90,28,44,11.4,22,18,0,5,28,22,0,267,15,1424,17:48,,,,,,selante01,2006
14,Jason Spezza,22,OTT,C,68,19,71,90,23,33,9.2,12,7,0,5,37,34,0,156,12.2,1292,19:00,,,,,,spezzja01,2006
15,Brian Gionta,27,NJD,RW,82,48,41,89,18,46,11.4,23,24,1,10,31,10,0,291,16.5,1625,19:49,,,,,,giontbr01,2006
16,Olli Jokinen,27,FLA,C,82,38,51,89,14,88,9.8,23,14,1,9,28,23,0,351,10.8,1680,20:29,,,,,,jokinol01,2006
17,Pavel Datsyuk,27,DET,C,75,28,59,87,26,22,9.8,17,11,0,4,31,28,0,145,19.3,1342,17:53,,,,,,datsypa01,2006
18,Joe Sakic*,36,COL,C,82,32,55,87,10,60,8.9,22,10,0,6,31,24,0,263,12.2,1633,19:55,,,,,,sakicjo01,2006
19,Patrick Marleau,26,SJS,C,82,34,52,86,-12,26,8.5,13,20,1,4,28,24,0,260,13.1,1634,19:56,,,,,,marlepa01,2006
20,Paul Kariya*,31,NSH,LW,82,31,54,85,-6,40,8.4,17,14,0,3,22,32,0,245,12.7,1565,19:05,,,,,,kariypa01,2006
